category	filename	title
scriptbase_j	the-wrestler-2008-film	The Wrestler (2008 film)
scriptbase_j	snow-falling-on-cedars-film	Snow Falling on Cedars (film)
scriptbase_j	mumford-film	Mumford (film)
scriptbase_j	celeste-and-jesse-forever	Celeste and Jesse Forever
scriptbase_j	the-fabulous-baker-boys	The Fabulous Baker Boys
scriptbase_j	the-corruptor	The Corruptor
scriptbase_j	blade-film	Blade (film)
scriptbase_j	capote-film	Capote (film)
scriptbase_j	the-invention-of-lying	The Invention of Lying
scriptbase_j	lone-star-1996-film	Lone Star (1996 film)
scriptbase_j	hitchcock-film	Hitchcock (film)
scriptbase_j	horrible-bosses	Horrible Bosses
scriptbase_j	bad-dreams-film	Bad Dreams (film)
scriptbase_j	black-swan-film	Black Swan (film)
scriptbase_j	mash-film	MASH (film)
scriptbase_j	the-horse-whisperer-film	The Horse Whisperer (film)
scriptbase_j	tall-in-the-saddle	Tall in the Saddle
scriptbase_j	house-of-1000-corpses	House of 1000 Corpses
scriptbase_j	philadelphia-film	Philadelphia (film)
scriptbase_j	the-bodyguard-1992-film	The Bodyguard (1992 film)
scriptbase_j	crouching-tiger-hidden-dragon	Crouching Tiger, Hidden Dragon
scriptbase_j	lake-placid-film	Lake Placid (film)
scriptbase_j	happiness-1998-film	Happiness (1998 film)
scriptbase_j	sling-blade	Sling Blade
scriptbase_j	a-nightmare-on-elm-street-5-the-dream-child	A Nightmare on Elm Street 5: The Dream Child
scriptbase_j	goodfellas	Goodfellas
scriptbase_j	human-nature-film	Human Nature (film)
scriptbase_j	the-last-temptation-of-christ-film	The Last Temptation of Christ (film)
scriptbase_j	return-of-the-jedi	Return of the Jedi
scriptbase_j	12-and-holding	12 and Holding
scriptbase_j	the-shipping-news-film	The Shipping News (film)
scriptbase_j	above-the-law-film	Above the Law (film)
scriptbase_j	ticker-2001-film	Ticker (2001 film)
scriptbase_j	the-patriot-2000-film	The Patriot (2000 film)
scriptbase_j	feast-film	Feast (film)
scriptbase_j	halloween-4-the-return-of-michael-myers	Halloween 4: The Return of Michael Myers
scriptbase_j	la-confidential-film	L.A. Confidential (film)
scriptbase_j	gattaca	Gattaca
scriptbase_j	panther-film	Panther (film)
scriptbase_j	city-of-joy-film	City of Joy (film)
scriptbase_j	wild-things	Wild Things
scriptbase_j	traffic-2000-film	Traffic (2000 film)
scriptbase_j	rocky	Rocky
scriptbase_j	punch-drunk-love	Punch-Drunk Love
scriptbase_j	go-1999-film	Go (1999 film)
scriptbase_j	fair-game-2010-film	Fair Game (2010 film)
scriptbase_j	fatal-instinct	Fatal Instinct
scriptbase_j	grand-theft-parsons	Grand Theft Parsons
scriptbase_j	jay-and-silent-bob-strike-back	Jay and Silent Bob Strike Back
scriptbase_j	made-for-each-other-1939-film	Made for Each Other (1939 film)
scriptbase_j	sleepless-in-seattle	Sleepless in Seattle
scriptbase_j	legion-2010-film	Legion (2010 film)
scriptbase_j	the-white-ribbon	The White Ribbon
scriptbase_j	kids-film	Kids (film)
scriptbase_j	sense-and-sensibility-film	Sense and Sensibility (film)
scriptbase_j	election-1999-film	Election (1999 film)
scriptbase_j	the-salton-sea	The Salton Sea
scriptbase_j	the-jacket	The Jacket
scriptbase_j	hellbound-hellraiser-ii	Hellbound: Hellraiser II
scriptbase_j	conan-the-barbarian-2011-film	Conan the Barbarian (2011 film)
scriptbase_j	ghostbusters-ii	Ghostbusters II
scriptbase_j	halloween-the-curse-of-michael-myers	Halloween: The Curse of Michael Myers
scriptbase_j	the-perks-of-being-a-wallflower-film	The Perks of Being a Wallflower (film)
scriptbase_j	the-losers-film	The Losers (film)
scriptbase_j	the-postman-film	The Postman (film)
scriptbase_j	copycat-film	Copycat (film)
scriptbase_j	perfect-creature	Perfect Creature
scriptbase_j	dead-poets-society	Dead Poets Society
scriptbase_j	the-rocky-horror-picture-show	The Rocky Horror Picture Show
scriptbase_j	the-graduate	The Graduate
scriptbase_j	tron-legacy	Tron: Legacy
scriptbase_j	austin-powers-the-spy-who-shagged-me	Austin Powers: The Spy Who Shagged Me
scriptbase_j	final-destination-film	Final Destination (film)
scriptbase_j	u-turn-1997-film	U Turn (1997 film)
scriptbase_j	the-tourist-2010-film	The Tourist (2010 film)
scriptbase_j	the-wedding-date	The Wedding Date
scriptbase_j	a-night-at-the-roxbury	A Night at the Roxbury
scriptbase_j	twin-peaks-fire-walk-with-me	Twin Peaks: Fire Walk with Me
scriptbase_j	a-nightmare-on-elm-street-2-freddys-revenge	A Nightmare on Elm Street 2: Freddys Revenge
scriptbase_j	swingers-1996-film	Swingers (1996 film)
scriptbase_j	pleasantville-film	Pleasantville (film)
scriptbase_j	final-destination-2	Final Destination 2
scriptbase_j	pet-sematary-two	Pet Sematary Two
scriptbase_j	being-there	Being There
scriptbase_j	highlander-film	Highlander (film)
scriptbase_j	gamer-film	Gamer (film)
scriptbase_j	simone-2002-film	Simone (2002 film)
scriptbase_j	beetlejuice	Beetlejuice
scriptbase_j	mrs-brown	Mrs. Brown
scriptbase_j	heathers	Heathers
scriptbase_j	the-seventh-victim	The Seventh Victim
scriptbase_j	smokin-aces	Smokin Aces
scriptbase_j	sugar-2008-film	Sugar (2008 film)
scriptbase_j	demolition-man-film	Demolition Man (film)
scriptbase_j	hardcore-1979-film	Hardcore (1979 film)
scriptbase_j	brazil-1985-film	Brazil (1985 film)
scriptbase_j	very-bad-things	Very Bad Things
scriptbase_j	die-hard	Die Hard
scriptbase_j	hollow-man	Hollow Man
scriptbase_j	contact-1997-film	Contact (1997 film)
scriptbase_j	the-lost-world-jurassic-park	The Lost World: Jurassic Park
scriptbase_j	the-ladykillers-2004-film	The Ladykillers (2004 film)
scriptbase_j	the-silence-of-the-lambs-film	The Silence of the Lambs (film)
scriptbase_j	seven-film	Seven (film)
scriptbase_j	alien-film	Alien (film)
scriptbase_j	cold-mountain-film	Cold Mountain (film)
scriptbase_j	amadeus-film	Amadeus (film)
scriptbase_j	a-dry-white-season	A Dry White Season
scriptbase_j	the-thing-1982-film	The Thing (1982 film)
scriptbase_j	charlies-angels-film	Charlies Angels (film)
scriptbase_j	gothika	Gothika
scriptbase_j	man-on-fire-2004-film	Man on Fire (2004 film)
scriptbase_j	arcade-film	Arcade (film)
scriptbase_j	star-wars-episode-ii-attack-of-the-clones	Star Wars Episode II: Attack of the Clones
scriptbase_j	willow-film	Willow (film)
scriptbase_j	citizen-kane	Citizen Kane
scriptbase_j	the-bounty-hunter-2010-film	The Bounty Hunter (2010 film)
scriptbase_j	true-grit-2010-film	True Grit (2010 film)
scriptbase_j	beavis-and-butt-head-do-america	Beavis and Butt-head Do America
scriptbase_j	star-trek-nemesis	Star Trek: Nemesis
scriptbase_j	bottle-rocket	Bottle Rocket
scriptbase_j	donnie-darko	Donnie Darko
scriptbase_j	little-monsters	Little Monsters
scriptbase_j	scream-2	Scream 2
scriptbase_j	the-lost-boys	The Lost Boys
scriptbase_j	crime-spree	Crime Spree
scriptbase_j	silverado-film	Silverado (film)
scriptbase_j	sweeney-todd-the-demon-barber-of-fleet-street-2007-film	Sweeney Todd: The Demon Barber of Fleet Street (2007 film)
scriptbase_j	love-basketball	Love & Basketball
scriptbase_j	arthur-2011-film	Arthur (2011 film)
scriptbase_j	fast-times-at-ridgemont-high	Fast Times at Ridgemont High
scriptbase_j	signs-film	Signs (film)
scriptbase_j	taking-sides-film	Taking Sides (film)
scriptbase_j	alone-in-the-dark-2005-film	Alone in the Dark (2005 film)
scriptbase_j	the-haunting-1999-film	The Haunting (1999 film)
scriptbase_j	good-will-hunting	Good Will Hunting
scriptbase_j	monkeybone	Monkeybone
scriptbase_j	analyze-this	Analyze This
scriptbase_j	batman-returns	Batman Returns
scriptbase_j	invaders-from-mars-1986-film	Invaders from Mars (1986 film)
scriptbase_j	i-still-know-what-you-did-last-summer	I Still Know What You Did Last Summer
scriptbase_j	someone-to-watch-over-me-film	Someone to Watch Over Me (film)
scriptbase_j	happy-campers-2001-film	Happy Campers (2001 film)
scriptbase_j	mr-blandings-builds-his-dream-house	Mr. Blandings Builds His Dream House
scriptbase_j	judge-dredd-film	Judge Dredd (film)
scriptbase_j	lethal-weapon	Lethal Weapon
scriptbase_j	the-descendants	The Descendants
scriptbase_j	babel-film	Babel (film)
scriptbase_j	almost-famous	Almost Famous
scriptbase_j	minority-report-film	Minority Report (film)
scriptbase_j	return-to-me	Return to Me
scriptbase_j	man-trouble	Man Trouble
scriptbase_j	this-is-40	This Is 40
scriptbase_j	observe-and-report	Observe and Report
scriptbase_j	dexter-episode	Dexter (episode)
scriptbase_j	cobb-film	Cobb (film)
scriptbase_j	kafka-film	Kafka (film)
scriptbase_j	the-avengers-1998-film	The Avengers (1998 film)
scriptbase_j	hackers-film	Hackers (film)
scriptbase_j	silver-linings-playbook	Silver Linings Playbook
scriptbase_j	the-men-who-stare-at-goats-film	The Men Who Stare at Goats (film)
scriptbase_j	gods-and-monsters	Gods and Monsters
scriptbase_j	quills	Quills
scriptbase_j	all-the-kings-men-1949-film	All the Kings Men (1949 film)
scriptbase_j	walking-tall-2004-film	Walking Tall (2004 film)
scriptbase_j	ghost-1990-film	Ghost (1990 film)
scriptbase_j	mobsters	Mobsters
scriptbase_j	star-trek-first-contact	Star Trek: First Contact
scriptbase_j	bean-film	Bean (film)
scriptbase_j	jerry-maguire	Jerry Maguire
scriptbase_j	an-american-werewolf-in-paris	An American Werewolf in Paris
scriptbase_j	the-verdict	The Verdict
scriptbase_j	idiocracy	Idiocracy
scriptbase_j	next-friday	Next Friday
scriptbase_j	grand-hotel-film	Grand Hotel (film)
scriptbase_j	whiteout-2009-film	Whiteout (2009 film)
scriptbase_j	the-exorcist-film	The Exorcist (film)
scriptbase_j	scream-3	Scream 3
scriptbase_j	nine-2009-live-action-film	Nine (2009 live-action film)
scriptbase_j	oceans-twelve	Oceans Twelve
scriptbase_j	the-distinguished-gentleman	The Distinguished Gentleman
scriptbase_j	the-cable-guy	The Cable Guy
scriptbase_j	joe-versus-the-volcano	Joe Versus the Volcano
scriptbase_j	the-battle-of-algiers	The Battle of Algiers
scriptbase_j	dog-day-afternoon	Dog Day Afternoon
scriptbase_j	death-to-smoochy	Death to Smoochy
scriptbase_j	witness-1985-film	Witness (1985 film)
scriptbase_j	the-lord-of-the-rings-the-fellowship-of-the-ring	The Lord of the Rings: The Fellowship of the Ring
scriptbase_j	drop-dead-gorgeous-film	Drop Dead Gorgeous (film)
scriptbase_j	spartan-film	Spartan (film)
scriptbase_j	star-trek-ii-the-wrath-of-khan	Star Trek II: The Wrath of Khan
scriptbase_j	avatar-2009-film	Avatar (2009 film)
scriptbase_j	house-on-haunted-hill-1999-film	House on Haunted Hill (1999 film)
scriptbase_j	even-cowgirls-get-the-blues-film	Even Cowgirls Get the Blues (film)
scriptbase_j	autumn-in-new-york-film	Autumn in New York (film)
scriptbase_j	a-few-good-men	A Few Good Men
scriptbase_j	toy-story	Toy Story
scriptbase_j	50-50-2011-film	50-50 (2011 film)
scriptbase_j	star-trek-the-motion-picture	Star Trek: The Motion Picture
scriptbase_j	twins-1988-film	Twins (1988 film)
scriptbase_j	man-on-the-moon-film	Man on the Moon (film)
scriptbase_j	whos-your-daddy-film	Whos Your Daddy (film)
scriptbase_j	reindeer-games	Reindeer Games
scriptbase_j	heavy-metal-film	Heavy Metal (film)
scriptbase_j	badlands-film	Badlands (film)
scriptbase_j	the-boondock-saints	The Boondock Saints
scriptbase_j	lord-of-illusions	Lord of Illusions
scriptbase_j	bachelor-party-1984-film	Bachelor Party (1984 film)
scriptbase_j	gang-related	Gang Related
scriptbase_j	hope-and-glory-film	Hope and Glory (film)
scriptbase_j	friday-the-13th-1980-film	Friday the 13th (1980 film)
scriptbase_j	mighty-morphin-power-rangers-the-movie	Mighty Morphin Power Rangers: The Movie
scriptbase_j	melvin-and-howard	Melvin and Howard
scriptbase_j	an-education	An Education
scriptbase_j	terminator-salvation	Terminator Salvation
scriptbase_j	murderland	Murderland
scriptbase_j	the-mummy-1999-film	The Mummy (1999 film)
scriptbase_j	scary-movie-2	Scary Movie 2
scriptbase_j	deep-rising	Deep Rising
scriptbase_j	changeling-film	Changeling (film)
scriptbase_j	indiana-jones-and-the-kingdom-of-the-crystal-skull	Indiana Jones and the Kingdom of the Crystal Skull
scriptbase_j	beasts-of-the-southern-wild	Beasts of the Southern Wild
scriptbase_j	notting-hill-film	Notting Hill (film)
scriptbase_j	lost-souls-film	Lost Souls (film)
scriptbase_j	collateral-damage-film	Collateral Damage (film)
scriptbase_j	ill-do-anything	Ill Do Anything
scriptbase_j	croupier-film	Croupier (film)
scriptbase_j	blade-trinity	Blade: Trinity
scriptbase_j	serial-mom	Serial Mom
scriptbase_j	hostage-film	Hostage (film)
scriptbase_j	the-butterfly-effect	The Butterfly Effect
scriptbase_j	jurassic-park-iii	Jurassic Park III
scriptbase_j	boiler-room-film	Boiler Room (film)
scriptbase_j	constantine-film	Constantine (film)
scriptbase_j	i-robot-film	I, Robot (film)
scriptbase_j	the-book-of-eli	The Book of Eli
scriptbase_j	the-ploughmans-lunch	The Ploughmans Lunch
scriptbase_j	the-three-musketeers-1993-film	The Three Musketeers (1993 film)
scriptbase_j	anastasia-1997-film	Anastasia (1997 film)
scriptbase_j	manhunter-film	Manhunter (film)
scriptbase_j	isle-of-the-dead-film	Isle of the Dead (film)
scriptbase_j	peeping-tom-film	Peeping Tom (film)
scriptbase_j	a-nightmare-on-elm-street-3-dream-warriors	A Nightmare on Elm Street 3: Dream Warriors
scriptbase_j	frequency-film	Frequency (film)
scriptbase_j	the-twilight-saga-new-moon	The Twilight Saga: New Moon
scriptbase_j	life-of-pi-film	Life of Pi (film)
scriptbase_j	mulholland-drive-film	Mulholland Drive (film)
scriptbase_j	burning-annie	Burning Annie
scriptbase_j	the-long-kiss-goodnight	The Long Kiss Goodnight
scriptbase_j	basic-instinct	Basic Instinct
scriptbase_j	cradle-2-the-grave	Cradle 2 the Grave
scriptbase_j	jurassic-park-film	Jurassic Park (film)
scriptbase_j	rabid	Rabid
scriptbase_j	bonnie-and-clyde-film	Bonnie and Clyde (film)
scriptbase_j	ghost-world-film	Ghost World (film)
scriptbase_j	10-things-i-hate-about-you	10 Things I Hate About You
scriptbase_j	ed-wood-film	Ed Wood (film)
scriptbase_j	some-like-it-hot	Some Like It Hot
scriptbase_j	life-as-a-house	Life as a House
scriptbase_j	rachel-getting-married	Rachel Getting Married
scriptbase_j	robin-hood-prince-of-thieves	Robin Hood: Prince of Thieves
scriptbase_j	mary-shelleys-frankenstein-film	Mary Shelleys Frankenstein (film)
scriptbase_j	the-family-man	The Family Man
scriptbase_j	hesher-film	Hesher (film)
scriptbase_j	strange-days-film	Strange Days (film)
scriptbase_j	rambling-rose-film	Rambling Rose (film)
scriptbase_j	tomorrow-never-dies	Tomorrow Never Dies
scriptbase_j	top-gun	Top Gun
scriptbase_j	the-american-president	The American President
scriptbase_j	the-sting	The Sting
scriptbase_j	inventing-the-abbotts	Inventing the Abbotts
scriptbase_j	honeydripper-film	Honeydripper (film)
scriptbase_j	to-sleep-with-anger	To Sleep with Anger
scriptbase_j	so-i-married-an-axe-murderer	So I Married an Axe Murderer
scriptbase_j	eight-legged-freaks	Eight Legged Freaks
scriptbase_j	scream-1996-film	Scream (1996 film)
scriptbase_j	ninja-assassin	Ninja Assassin
scriptbase_j	500-days-of-summer	500 Days of Summer
scriptbase_j	the-battle-of-shaker-heights	The Battle of Shaker Heights
scriptbase_j	yes-man-film	Yes Man (film)
scriptbase_j	kalifornia	Kalifornia
scriptbase_j	millers-crossing	Millers Crossing
scriptbase_j	wild-things-diamonds-in-the-rough	Wild Things: Diamonds in the Rough
scriptbase_j	valkyrie-film	Valkyrie (film)
scriptbase_j	burn-after-reading	Burn After Reading
scriptbase_j	catwoman-film	Catwoman (film)
scriptbase_j	hes-just-not-that-into-you-film	Hes Just Not That Into You (film)
scriptbase_j	krull-film	Krull (film)
scriptbase_j	hudson-hawk	Hudson Hawk
scriptbase_j	freddy-vs-jason	Freddy vs. Jason
scriptbase_j	save-the-last-dance	Save the Last Dance
scriptbase_j	john-q	John Q
scriptbase_j	music-of-the-heart	Music of the Heart
scriptbase_j	bad-santa	Bad Santa
scriptbase_j	kung-fu-panda	Kung Fu Panda
scriptbase_j	terminator-2-judgment-day	Terminator 2: Judgment Day
scriptbase_j	frances-film	Frances (film)
scriptbase_j	the-time-machine-2002-film	The Time Machine (2002 film)
scriptbase_j	the-talented-mr-ripley-film	The Talented Mr. Ripley (film)
scriptbase_j	superbad-film	Superbad (film)
scriptbase_j	escape-from-new-york	Escape from New York
scriptbase_j	total-recall-1990-film	Total Recall (1990 film)
scriptbase_j	harold-kumar-go-to-white-castle	Harold & Kumar Go to White Castle
scriptbase_j	last-chance-harvey	Last Chance Harvey
scriptbase_j	revolutionary-road-film	Revolutionary Road (film)
scriptbase_j	nixon-film	Nixon (film)
scriptbase_j	charade-1963-film	Charade (1963 film)
scriptbase_j	shampoo-film	Shampoo (film)
scriptbase_j	deep-cover	Deep Cover
scriptbase_j	frozen-river	Frozen River
scriptbase_j	his-girl-friday	His Girl Friday
scriptbase_j	heat-1995-film	Heat (1995 film)
scriptbase_j	warm-springs-film	Warm Springs (film)
scriptbase_j	excalibur-film	Excalibur (film)
scriptbase_j	three-men-and-a-baby	Three Men and a Baby
scriptbase_j	real-genius	Real Genius
scriptbase_j	a-hard-days-night-film	A Hard Days Night (film)
scriptbase_j	highlander-iii-the-sorcerer	Highlander III: The Sorcerer
scriptbase_j	the-relic-film	The Relic (film)
scriptbase_j	children-of-men	Children of Men
scriptbase_j	the-big-blue	The Big Blue
scriptbase_j	jennifers-body	Jennifers Body
scriptbase_j	wonder-boys-film	Wonder Boys (film)
scriptbase_j	dark-star-film	Dark Star (film)
scriptbase_j	hellraiser-hellseeker	Hellraiser: Hellseeker
scriptbase_j	the-majestic-film	The Majestic (film)
scriptbase_j	men-in-black-film	Men in Black (film)
scriptbase_j	two-for-the-money-film	Two for the Money (film)
scriptbase_j	face-off	Face-Off
scriptbase_j	12-monkeys	12 Monkeys
scriptbase_j	les-miserables-2012-film	Les Miserables (2012 film)
scriptbase_j	hard-rain-film	Hard Rain (film)
scriptbase_j	the-crying-game	The Crying Game
scriptbase_j	the-cincinnati-kid	The Cincinnati Kid
scriptbase_j	jacobs-ladder-film	Jacobs Ladder (film)
scriptbase_j	blast-from-the-past-film	Blast from the Past (film)
scriptbase_j	blade-ii	Blade II
scriptbase_j	malibus-most-wanted	Malibus Most Wanted
scriptbase_j	major-league-film	Major League (film)
scriptbase_j	cruel-intentions	Cruel Intentions
scriptbase_j	bodies-rest-motion	Bodies, Rest & Motion
scriptbase_j	killing-zoe	Killing Zoe
tvpilots	young-sheldon	Young Sheldon
tvpilots	el-jefe	El Jefe
tvpilots	barkskins	Barkskins
tvpilots	the-enemy-within	The Enemy Within
tvpilots	defenders	Defenders
tvpilots	cursed	Cursed
tvpilots	inseparable	Inseparable
tvpilots	22-birthdays-money-sex-power-cake	22 Birthdays - Money. Sex. Power. Cake
tvpilots	prison-break-2016	Prison Break 2016
tvpilots	back-nine	Back Nine
tvpilots	reinventing-the-wheelers	Reinventing the Wheelers
tvpilots	lace	Lace
tvpilots	common-law	Common Law
tvpilots	fatal-attraction	Fatal Attraction
tvpilots	speechless	Speechless
tvpilots	the-revenge	The Revenge
tvpilots	halt-catch-fire	Halt & Catch Fire
tvpilots	the-playboy-club	The Playboy Club
tvpilots	necessary-roughness	Necessary Roughness
tvpilots	downward-dog	Downward Dog
tvpilots	dirk-gently	Dirk Gently
tvpilots	from	From
tvpilots	black-bird	Black Bird
tvpilots	divide-conquer	Divide & Conquer
tvpilots	rush-hour	Rush Hour
tvpilots	ghosted	Ghosted
tvpilots	ray-donovan	Ray Donovan
tvpilots	single-ladies	Single Ladies
tvpilots	step-up	Step Up
tvpilots	last-resort_2012	Last Resort
tvpilots	nightmare-time	Nightmare Time
tvpilots	muppets-live-another-day	Muppets Live Another Day
tvpilots	funny-in-farsi	Funny In Farsi
tvpilots	tomorrow	Tomorrow
tvpilots	adam-eve	Adam & Eve
tvpilots	the-legend-of-master-legend	The Legend of Master Legend
tvpilots	famous	Famous
tvpilots	how-and-why	How And Why
tvpilots	black-sails	Black Sails
tvpilots	the-bear	The Bear
tvpilots	boomerang	Boomerang
tvpilots	casanova	Casanova
tvpilots	cutthroat	Cutthroat
tvpilots	we-are-men	We Are Men
tvpilots	all-american	All American
tvpilots	salamander	Salamander
tvpilots	tremors	Tremors
tvpilots	my-time-your-time	My Time, Your Time
tvpilots	jean-claude-van-johnson	Jean-Claude Van Johnson
tvpilots	glamorous	Glamorous
tvpilots	the-good-guys	The Good Guys
tvpilots	the-crazy-ones	The Crazy Ones
tvpilots	beauty-and-the-beast-steinberg	Beauty and the Beast (Steinberg)
tvpilots	the-society	The Society
tvpilots	under-the-bridge	Under the Bridge
tvpilots	the-station	The Station
tvpilots	fatrick	Fatrick
tvpilots	county	County
tvpilots	house-of-moore	House Of Moore
tvpilots	nomads	Nomads
tvpilots	spark	Spark
tvpilots	maniac	Maniac
tvpilots	the-boys	The Boys
tvpilots	the-gilded-lilys	The Gilded Lilys
tvpilots	the-advocate	The Advocate
tvpilots	to-love-and-die-in-la	To Love And Die In LA
tvpilots	ncis-los-angeles	NCIS - Los Angeles
tvpilots	training-day	Training Day
tvpilots	on-my-block	On My Block
tvpilots	the-man-who-fell-to-earth	The Man Who Fell To Earth
tvpilots	the-100	The 100
tvpilots	cashmere-mafia	Cashmere Mafia
tvpilots	exit-19	Exit 19
tvpilots	austin-golden-hour	Austin Golden Hour
tvpilots	the-line	The Line
tvpilots	secret-circle	Secret Circle
tvpilots	hell-on-wheels	Hell on Wheels
tvpilots	chasing-life	Chasing Life
tvpilots	little-in-common	Little in Common
tvpilots	danni-lowinski	Danni Lowinski
tvpilots	impulse	Impulse
tvpilots	goliath_shapiro	Goliath
tvpilots	a-gifted-man	A Gifted Man
tvpilots	the-first	The First
tvpilots	pan-am	Pan Am
tvpilots	the-cape	The Cape
tvpilots	awakening	Awakening
tvpilots	the-gates_2009	The Gates
tvpilots	michaelangelo	Michaelangelo
tvpilots	cocaine-cowboys	Cocaine Cowboys
tvpilots	limetown	Limetown
tvpilots	for-justice	For Justice
tvpilots	the-divide	The Divide
tvpilots	black-ish	Black-ish
tvpilots	chambers	Chambers
tvpilots	stay	Stay
tvpilots	gang-related	Gang Related
tvpilots	americana	Americana
tvpilots	the-lost-boys	The Lost Boys
tvpilots	little-brother	Little Brother
tvpilots	kevin-from-work	Kevin From Work
tvpilots	breakout-kings	Breakout Kings
tvpilots	persons-unknown	Persons Unknown
tvpilots	life-unexpected	Life Unexpected
tvpilots	perfect-citizen	Perfect Citizen
tvpilots	haven	Haven
tvpilots	my-generation	My Generation
tvpilots	skip-tracer	Skip Tracer
tvpilots	the-lincoln-lawyer	The Lincoln Lawyer
tvpilots	macgyver	Macgyver
tvpilots	angie-tribeca	Angie Tribeca
tvpilots	shelter	Shelter
tvpilots	untitled-schwartz-wiener-project-a	Untitled Schwartz & Wiener Project A
tvpilots	smith	Smith
tvpilots	the-strain	The Strain
tvpilots	rita	Rita
tvpilots	the-fosters	The Fosters
tvpilots	damnation	Damnation
tvpilots	them	Them
tvpilots	limitless	Limitless
tvpilots	justified	Justified
tvpilots	genius	Genius
tvpilots	the-code	The Code
tvpilots	manifest	Manifest
tvpilots	cop-house	Cop House
tvpilots	gypsy	Gypsy
tvpilots	chuck	Chuck
tvpilots	the-beautiful-life	The Beautiful Life
tvpilots	metro	Metro
tvpilots	fbi	FBI
tvpilots	self-promotion	Self Promotion
tvpilots	uncle-nigel	Uncle Nigel
tvpilots	1883	1883
tvpilots	the-arrangement	The Arrangement
tvpilots	boss	Boss
tvpilots	shining-girls	Shining Girls
tvpilots	death-valley	Death Valley
tvpilots	past-life	Past Life
tvpilots	misfits	Misfits
tvpilots	colony	Colony
tvpilots	in-between-lives	In Between Lives
tvpilots	mockingbird-lane	Mockingbird Lane
tvpilots	isabel	Isabel
tvpilots	roswell-new-mexico	Roswell New Mexico
tvpilots	escape-at-dannemora	Escape at Dannemora
tvpilots	queer-as-folk	Queer As Folk
tvpilots	fringe	Fringe
tvpilots	survivors-remorse	Survivors Remorse
tvpilots	untitled-milioti-and-pedrad	Untitled Milioti And Pedrad
tvpilots	crystal-pines	Crystal Pines
tvpilots	american-woman	American Woman
tvpilots	life	Life
tvpilots	widow-detective	Widow Detective
tvpilots	rubicon	Rubicon
tvpilots	heathers	Heathers
tvpilots	the-secret-lives-of-husbands-and-wives	The Secret Lives Of Husbands And Wives
tvpilots	the-ordained	The Ordained
tvpilots	dark-horse	Dark Horse
tvpilots	friday-night-dinner	Friday Night Dinner
tvpilots	false-profits	False Profits
tvpilots	surveillance	Surveillance
tvpilots	the-forgotten	The Forgotten
tvpilots	rebel	Rebel
tvpilots	the-adversaries	The Adversaries
tvpilots	paradise-lost	Paradise Lost
tvpilots	hail-mary_2011	Hail Mary
tvpilots	the-dangerous-book-for-boys	The Dangerous Book for Boys
tvpilots	berlin-station	Berlin Station
tvpilots	the-hatfields-mccoys	The Hatfields & Mccoys
tvpilots	roadies	Roadies
tvpilots	joe-pickett	Joe Pickett
tvpilots	cassandra-frenchs-finishing-school-for-boys	Cassandra French's Finishing School For Boys
tvpilots	solar-opposites	Solar Opposites
tvpilots	untitled-warren-leight-project	Untitled Warren Leight Project
tvpilots	lost-found	Lost & Found
tvpilots	american-storage	American Storage
tvpilots	twisted	Twisted
tvpilots	warehouse-13	Warehouse 13
tvpilots	main-justice	Main Justice
tvpilots	the-orville	The Orville
tvpilots	channel-zero	Channel Zero
tvpilots	never-have-i-ever	Never Have I Ever
tvpilots	everybody-hates-chris	Everybody Hates Chris
tvpilots	seven-seconds	Seven Seconds
tvpilots	night-sky	Night Sky
tvpilots	rizzoli-and-isles	Rizzoli and Isles
tvpilots	the-unusuals	The Unusuals
tvpilots	down-dog	Down Dog
tvpilots	pussies-1x01-soul-mates-and-gay-dates	Pussies 1x01 - Soul Mates and Gay Dates
tvpilots	outlander	Outlander
tvpilots	upload	Upload
tvpilots	the-mist	The Mist
tvpilots	powerless	Powerless
tvpilots	huge	Huge
tvpilots	the-watch	The Watch
tvpilots	code-black	Code Black
tvpilots	problem-child	Problem Child
tvpilots	nos4a2	NOS4A2
tvpilots	heartbeat	Heartbeat
tvpilots	dead-boss	Dead Boss
tvpilots	ap-bio	AP Bio
tvpilots	american-crime-story	American Crime Story
tvpilots	evil	Evil
tvpilots	in-the-dark	In The Dark
tvpilots	outlaw-country	Outlaw Country
tvpilots	section-eight	Section Eight
tvpilots	medici-masters-of-florence	Medici: Masters of Florence
tvpilots	second-sight	Second Sight
tvpilots	the-umbrella-academy	The Umbrella Academy
tvpilots	class-11	Class 11
tvpilots	the-chicago-code	The Chicago Code
tvpilots	knightfall	Knightfall
tvpilots	american-vandal	American Vandal
tvpilots	bonus-billy-the-kid-1x02	BONUS - Billy the Kid 1x02
tvpilots	tower-prep	Tower Prep
tvpilots	the-list	The List
tvpilots	detour	Detour
tvpilots	yellowjackets	Yellowjackets
tvpilots	defying-gravity	Defying Gravity
tvpilots	alpha-house	Alpha House
tvpilots	ringer	Ringer
tvpilots	sleepy-hollow	Sleepy Hollow
tvpilots	the-goodwin-games	The Goodwin Games
tvpilots	soundtrack	Soundtrack
tvpilots	emily-owens-md	Emily Owens, MD
tvpilots	reckless_black	Reckless
tvpilots	alphaville	Alphaville
tvpilots	pretty-little-liars-the-perfectionists	Pretty Little Liars - The Perfectionists
tvpilots	havoc	Havoc
tvpilots	the-finest	The Finest
tvpilots	carnival-row	Carnival Row
tvpilots	juicy-stories	Juicy Stories
tvpilots	severance-2016-blood-list-version	Severance (2016 Blood List version)
tvpilots	interrogation	Interrogation
tvpilots	shots-fired	Shots Fired
tvpilots	blood-and-oil	Blood and Oil
tvpilots	the-girlfriend-experience	The Girlfriend Experience
tvpilots	good-girls_2017	Good Girls
tvpilots	lights-out	Lights Out
tvpilots	feud	Feud
tvpilots	mr-mercedes	Mr Mercedes
tvpilots	hot-zone	Hot Zone
tvpilots	marlowe	Marlowe
tvpilots	matador	Matador
tvpilots	girls-code	Girls Code
tvpilots	intelligence	Intelligence
tvpilots	kidding	Kidding
tvpilots	17th-precinct-equinox	17th Precinct - Equinox
tvpilots	hunters	Hunters
tvpilots	cheerleader-death-squad	Cheerleader Death Squad
tvpilots	the-tin-star	The Tin Star
tvpilots	elementary	Elementary
tvpilots	behind-enemy-lines	Behind Enemy Lines
tvpilots	the-get	The Get
tvpilots	nightflyers	Nightflyers
tvpilots	lets-spend-the-night-together	Let's Spend the Night Together
tvpilots	bent	Bent
tvpilots	dracula	Dracula
tvpilots	strut	Strut
tvpilots	swagger	Swagger
tvpilots	m-o-n-y-his-honor	M-O-N-Y - His Honor
tvpilots	night-day	Night & Day
tvpilots	beast-mode	Beast Mode
tvpilots	murder-in-manhattan	Murder In Manhattan
tvpilots	the-act	The Act
tvpilots	fv-mean-tide	FV Mean Tide
tvpilots	scruples	Scruples
tvpilots	gone-hollywood	Gone Hollywood
tvpilots	manhattan-love-story	Manhattan Love Story
tvpilots	search-and-destroy	Search And Destroy
tvpilots	shut-eye	Shut Eye
tvpilots	minority-report	Minority Report
tvpilots	beyond	Beyond
tvpilots	ncis-hawaii	NCIS: Hawai'i
tvpilots	the-politician	The Politician
tvpilots	pose	Pose
tvpilots	the-bridge	The Bridge
tvpilots	oasis	Oasis
tvpilots	solving-charlie	Solving Charlie
tvpilots	looking-for-alaska	Looking For Alaska
tvpilots	bad-management	Bad Management
tvpilots	the-expanse	The Expanse
tvpilots	feed-me	Feed Me
tvpilots	heavenly	Heavenly
tvpilots	untitled-justin-adler-project	Untitled Justin Adler Project
tvpilots	bionic-woman	Bionic Woman
tvpilots	cassius-and-clay	Cassius And Clay
tvpilots	pussies-1x01-cyranos-and-amaros	Pussies 1x01 - Cyranos and Amaros
tvpilots	love-victor	Love, Victor
tvpilots	king-and-maxwell	King and Maxwell
tvpilots	chucky	Chucky
tvpilots	youth-and-consequences	Youth And Consequences
tvpilots	miracle-workers	Miracle Workers
tvpilots	bad-teacher	Bad Teacher
tvpilots	cooper-barretts-guide-to-surviving-life	Cooper Barrett's Guide to Surviving Life
tvpilots	demons	Demons
tvpilots	bird-dog	Bird Dog
tvpilots	stumptown	Stumptown
tvpilots	friday-night-lights	Friday Night Lights
tvpilots	spaced-out	Spaced Out
tvpilots	hart-of-dixie	Hart Of Dixie
tvpilots	the-vikings	The Vikings
tvpilots	blackbirds	Blackbirds
tvpilots	dream-team	Dream Team
tvpilots	the-machine	The Machine
tvpilots	parenthood	Parenthood
tvpilots	urban-cowboy	Urban Cowboy
tvpilots	nikita	Nikita
tvpilots	rectify	Rectify
tvpilots	first-wives-club	First Wives Club
tvpilots	silent-history	Silent History
tvpilots	p-valley	P-Valley
tvpilots	wonderland	Wonderland
tvpilots	possible-side-effects	Possible Side Effects
tvpilots	monarch	Monarch
tvpilots	will	Will
tvpilots	south-of-hell	South Of Hell
tvpilots	fresh-off-the-boat	Fresh Off the Boat
tvpilots	unbelievable	Unbelievable
tvpilots	the-patriot	The Patriot
tvpilots	dead-inside	Dead Inside
tvpilots	street-dreams	Street Dreams
tvpilots	the-mayor-of-kingstown	The Mayor of Kingstown
tvpilots	suspect	Suspect
tvpilots	weekends-at-bellevue	Weekends at Bellevue
tvpilots	the-beast	The Beast
tvpilots	the-last-days-of-ptolemy-grey	The Last Days of Ptolemy Grey
tvpilots	heroes	Heroes
tvpilots	prodigy-bully	Prodigy Bully
tvpilots	betwixt	Betwixt
tvpilots	four-stars	Four Stars
tvpilots	magic-city	Magic City
tvpilots	bates-motel	Bates Motel
tvpilots	love	Love
tvpilots	worlds-end	World's End
tvpilots	memphis-beat	Memphis Beat
tvpilots	emily-in-paris	Emily In Paris
tvpilots	blunt-talk	Blunt Talk
tvpilots	pretty-little-liars-original-sin	Pretty Little Liars: Original Sin
tvpilots	super-fun-night	Super Fun Night
tvpilots	the-event	The Event
tvpilots	the-selection-20	The Selection 2.0
tvpilots	runner	Runner
tvpilots	the-tomorrow-people	The Tomorrow People
tvpilots	no-activity	No Activity
tvpilots	queens	Queens
tvpilots	first-wives-club-bet	First Wives Club (BET)
tvpilots	superstore	Superstore
tvpilots	mary-kills-people	Mary Kills People
tvpilots	lying-game	Lying Game
tvpilots	the-purge	The Purge
tvpilots	everythings-gonna-be-ok	Everything's Gonna Be OK
tvpilots	designated-survivor	Designated Survivor
tvpilots	harvest	Harvest
tvpilots	jane-by-design	Jane by Design
tvpilots	making-history	Making History
tvpilots	tick-tock	Tick-Tock
tvpilots	satisfaction	Satisfaction
tvpilots	strange-calls	Strange Calls
tvpilots	brenda-forever	Brenda Forever
tvpilots	family-album	Family Album
tvpilots	new-amsterdam	New Amsterdam
tvpilots	deception	Deception
tvpilots	ice	ICE
tvpilots	washington-field-dc-bommur	Washington Field - DC Bommur
tvpilots	bastard-executioner	Bastard Executioner
tvpilots	the-killing	The Killing
tvpilots	this-is-us	This Is Us
tvpilots	heart-of-life	Heart of Life
tvpilots	quickening	Quickening
tvpilots	hacks	Hacks
tvpilots	black-box	Black Box
tvpilots	plus-episode-2_2013	plus Episode 2!
tvpilots	smilf	SMILF
tvpilots	family-crimes	Family Crimes
tvpilots	witches-of-east-end	Witches of East End
tvpilots	perfect-couples	Perfect Couples
tvpilots	highland	Highland
tvpilots	the-good-cop	The Good Cop
tvpilots	jane-the-novella	Jane the Novella
tvpilots	transylvania	Transylvania
tvpilots	second-chance	Second Chance
tvpilots	imposters	Imposters
tvpilots	council-of-dads	Council of Dads
tvpilots	hit-the-floor	Hit the Floor
tvpilots	the-big-leap	The Big Leap
tvpilots	bronx-warrants	Bronx Warrants
tvpilots	fairly-legal	Fairly Legal
tvpilots	three-rivers	Three Rivers
tvpilots	maid	Maid
tvpilots	the-terror	The Terror
tvpilots	power-couple	Power Couple
tvpilots	up-all-night	Up All Night
tvpilots	bosch	Bosch
tvpilots	staties	Staties
tvpilots	naomi	Naomi
tvpilots	tell-me-a-story	Tell Me A Story
tvpilots	skinny-dip	Skinny Dip
tvpilots	nypd-blue	NYPD Blue
tvpilots	ransom	Ransom
tvpilots	underemployed	Underemployed
tvpilots	the-last-tycoon	The Last Tycoon
tvpilots	gone-baby-gone	Gone Baby Gone
tvpilots	big-thunder	Big Thunder
tvpilots	the-world-according-to-barnes	The World According to Barnes
tvpilots	robbers	Robbers
tvpilots	rebounding	Rebounding
tvpilots	confessions-of-a-contractor	Confessions Of A Contractor
tvpilots	the-time-travelers-wife	The Time Traveler's Wife
tvpilots	anatomy-of-violence	Anatomy Of Violence
tvpilots	one-of-us-is-lying	One of Us is Lying
tvpilots	sweetbitter	Sweetbitter
tvpilots	little-america-1x07-the-rock	Little America 1x07 - The Rock
tvpilots	taxi-22	Taxi 22
tvpilots	golden-state	Golden State
tvpilots	the-magicians	The Magicians
tvpilots	generation	Generation
tvpilots	resident-evil	Resident Evil
tvpilots	suspicion	Suspicion
tvpilots	guilt	Guilt
tvpilots	reaper	Reaper
tvpilots	the-rookie	The Rookie
tvpilots	noir	Noir
tvpilots	untitled-jerrod-carmichael-project	Untitled Jerrod Carmichael Project
tvpilots	wynonna-earp	Wynonna Earp
tvpilots	long-slow-exhale	Long Slow Exhale
tvpilots	the-advocates	The Advocates
tvpilots	deputy	Deputy
tvpilots	outsiders	Outsiders
tvpilots	run-for-your-life	Run For Your Life
tvpilots	rogue-matthew-parkhill	Rogue (Matthew Parkhill)
tvpilots	the-joneses	The Joneses
tvpilots	our-house_pre2006	Our House
tvpilots	somewhere-between	Somewhere Between
tvpilots	los-angeles	Los Angeles
tvpilots	the-resident	The Resident
tvpilots	the-death-of-eva-sofia-valdez	The Death Of Eva Sofia Valdez
tvpilots	the-firm	The Firm
tvpilots	snow-blind	Snow Blind
tvpilots	midnight-texas	Midnight, Texas
tvpilots	raising-dion	Raising Dion
tvpilots	in-security	In Security
tvpilots	rosewood	Rosewood
tvpilots	human-target	Human Target
tvpilots	apb	A.P.B.
tvpilots	90210	90210
tvpilots	bonus-feel-good-1x02	BONUS! - Feel Good 1x02
tvpilots	weird-city	Weird City
tvpilots	hitmen	Hitmen
tvpilots	the-mayor	The Mayor
tvpilots	untitled-bounty-hunter	Untitled Bounty Hunter
tvpilots	transparent	Transparent
tvpilots	gossip-girl	Gossip Girl
tvpilots	krypton	Krypton
tvpilots	dominion	Dominion
tvpilots	almost-human	Almost Human
tvpilots	white-city	White City
tvpilots	defending-jacob	Defending Jacob
tvpilots	tough-cookie	Tough Cookie
tvpilots	the-kids-are-alright	The Kids are Alright
tvpilots	nancy-drew	Nancy Drew
tvpilots	the-other-two	The Other Two
tvpilots	studio-city	Studio City
tvpilots	a-manns-world	A Mann's World
tvpilots	company-man	Company Man
tvpilots	winning-time	Winning Time
tvpilots	love-is	Love is
tvpilots	southland	Southland
tvpilots	wisdom-of-the-crowd	Wisdom Of The Crowd
tvpilots	cipher	Cipher
tvpilots	the-rook	The Rook
tvpilots	midnight-sun	Midnight Sun
tvpilots	the-cleaning-lady	The Cleaning Lady
tvpilots	emergence	Emergence
tvpilots	rake	Rake
tvpilots	for-the-people	For the People
tvpilots	redliners	Redliners
tvpilots	instinct	Instinct
tvpilots	modern-family	Modern Family
tvpilots	graceland	Graceland
tvpilots	the-comedians	The Comedians
tvpilots	time-after-time	Time After Time
tvpilots	brooklyn-animal-control	Brooklyn Animal Control
tvpilots	the-borgias	The Borgias
tvpilots	linda-from-hr	Linda From HR
tvpilots	outcast	Outcast
tvpilots	mercy-reef	Mercy Reef
tvpilots	sacred-games	Sacred Games
tvpilots	picnic-at-hanging-rock	Picnic at Hanging Rock
tvpilots	reckless_stevens	Reckless
tvpilots	waco	Waco
tvpilots	the-son	The Son